-- Fall 2018
--by Nick Greer, Gabriel Cabrera, Michael Mogannam
-- last modified: 27-NOV-2018


INSERT INTO Person 
VALUES 
('100001', 'Charlene', 'Fern', '5478184', 'y', 'n');

INSERT INTO Person
VALUES 
('8LY07Y', 'Sibley', 'Morgan', '4536814', 'n', 'y');

INSERT INTO Person
VALUES 
('St57JG', 'Nina', 'Scarlett', '1458214', 'n', 'y');

INSERT INTO Person
VALUES 
('0Z3l3I', 'Jack', 'Abner', '4523561', 'y', 'n');

INSERT INTO Person
VALUES 
('kquLCA', 'Alvin', 'Rupert', '4532895', 'n', 'y');

INSERT INTO Person
VALUES 
('6wewOI', 'Kenyon', 'Alison', '7822146', 'n', 'y');

INSERT INTO Person
VALUES 
('7Vle8R', 'Bud', 'Lois', '8762433', 'n', 'y');

INSERT INTO Person
VALUES 
('Gn4eik', 'Braden', 'Aimee', '6157432', 'n', 'y');

INSERT INTO Person
VALUES 
('HzuaWo', 'Dalton', 'Linette', '4513598', 'n', 'y');

INSERT INTO Person
VALUES 
('S7ReEe', 'Melvin', 'Katrina', '7521365', 'n', 'y');

INSERT INTO Person
VALUES 
('8eOaKU', 'David', 'Katherine', '5623210', 'y', 'n');

INSERT INTO Person
VALUES 
('NFEHyI', 'Gale', 'Ariana', '4423215', 'n', 'y');

INSERT INTO Person
VALUES 
('RplDh4', 'Linette', 'Baird', '6847954', 'n', 'y');

INSERT INTO Person
VALUES 
('oufbiZ', 'Maurice', 'Kate', '4587321', 'n', 'y');

INSERT INTO Person
VALUES 
('CAhTAx', 'Melville', 'Wendy', '8752463', 'y', 'n');

INSERT INTO Person
VALUES 
('fcD0BB', 'Lorelei', 'Megan', '1254863', 'n', 'y');

INSERT INTO Person
VALUES 
('z1Uvq3', 'Noel', 'Anastasia', '7897624', 'n', 'y');

INSERT INTO Person
VALUES 
('3TrdfQ', 'Frida', 'Muriel', '6528452', 'y', 'n');

INSERT INTO Person
VALUES 
('4wjmxJ', 'Sibyl', 'Noelle', '8765321', 'n', 'y');

INSERT INTO Person
VALUES 
('JJ1OWi', 'Aiken', 'Shannon', '9885241', 'n', 'y');

INSERT INTO Account
VALUES
('79339613','Sed@laciniaSed.edu','QukZ5QipBXqXk','JJ1OWi','n','y');

INSERT INTO Users
Values
(5,'VYKgueN','Beige','JJ1OWi');

INSERT INTO Users
Values
(2,'pYwpBlg','Chartreuse','St57JG');

INSERT INTO Users
Values
(10,'DqsugmG','Violet','kquLCA');

INSERT INTO Users
Values
(23,'2qJdG3P','Navy','6wewOI');

INSERT INTO Users
Values
(30,'JftGCx3','Gainsboro','7Vle8R');

INSERT INTO Users
Values
(3,'sIuruFv','Amethyst','Gn4eiK');

INSERT INTO Users
Values
(15,'FVLcaGg','Orchid','HzuaWo');

INSERT INTO Users
Values
(9,'FEGd31d','Papaya','S7ReEe');

INSERT INTO Users
Values
(7,'URiUWXU','Indigo','NFEHyI');

INSERT INTO Users
Values
(100,'eTERq8p','Peru','RplDh4');

INSERT INTO Users
Values
(16,'UFoDVz7','Cornsilk','oufbiZ');

INSERT INTO Users
Values
(24,'kRnNjvy','Orange','fcD0BB');

INSERT INTO Users
Values
(38,'DoFIqaz','Lemon Chiffon','z1Uvq3');

INSERT INTO Users
Values
(45,'VCDPmVS','Tan','4wjmxJ');

INSERT INTO Users
Values
(21,'Y0FUoP6','Sea Green','JJ1OWi');

INSERT INTO Account
VALUES
('79339613','Sed@laciniaSed.edu','QukZ5QipBXqXk','tFCHWc','n','y');

INSERT INTO Account
VALUES
('16067759','lor@vitaealiquam.edu','iIFHCcOV9t7Hw','8LY07Y','y','n');

INSERT INTO Account
VALUES
('44846531','risus@tordictum.edu','0TumOndMhPgaf','St57JG','y','n');

INSERT INTO Account
VALUES
('91267543','libero@dictumend.edu','hhHjY38HmUVEr','0Z3l3I','n','y');

INSERT INTO Account
VALUES
('55653095','et@Morbinon.ca','DnQsAvqzH37vz','kquLCA','y','n');

INSERT INTO Account
VALUES
('64696991','accumsan@arcuaci.org','OrGfDWDA494J2','6wewOI','y','n');

INSERT INTO Account
VALUES
('48111868','eleifend@sitamet.co','PAundTa26uU1e','7Vle8R','y','n');

INSERT INTO Account
VALUES
('24089626','lacus.Nulla@nisi.com','jLtN9qW3zfRBD','Gn4eiK','y','n');

INSERT INTO Account
VALUES
('80519935','mattis@Nam.co.uk','Sy3KhHT8ykZRP','HzuaWo','y','n');

INSERT INTO Account
VALUES
('41834817','vitae@duiaugueeu.ca','dFUWFIY9ir4oB','S7ReEe','y','n');

INSERT INTO Account
VALUES
('41151878','In@lacus.org','3Raam4ImcyYXt','8eOaKU','n','y');

INSERT INTO Account
VALUES
('60826536','nisi@placerat.org','rLcMgAB8qPGjp','NFEHyI','y','n');

INSERT INTO Account
VALUES
('62228125','gravida@urnapit.com','7sJxpHzemiv1D','RplDh4','y','n');

INSERT INTO Account
VALUES
('11577220','nec@duisaccumsan.com','zPG4c1grzUuND','oufbiZ','y','n');

INSERT INTO Account
VALUES
('16037655','tristique@maurisa.ca','4GUBf3WbJKCT3','CAhTAx','n','y');

INSERT INTO Account
VALUES
('70294197','nibh@ultricesa.org','Mt761gNKPeXhc','fcD0BB','y','n');

INSERT INTO Account
VALUES
('87737885','lacus@Phasellus.edu','j1IZRv4koau3n','z1Uvq3','y','n');

INSERT INTO Account
VALUES
('92020000','orci@faciseget.org','cQkARFy7RV3Wn','3TrdfQ','n','y');

INSERT INTO Account
VALUES
('11157715','arcu@purus.ca','TSvKaRRP8lQ2G','4wjmxJ','y','n');

INSERT INTO Account
VALUES
('16732891','hendrerit@Sedid.ca','Q5xvDCAFkD1lW','JJ1OWi','y','n');

INSERT INTO Ticket
VALUES
('F0001', 40, '12-NOV-2018', sysdate, '100120', '383830','n');

INSERT INTO Ticket
VALUES
('F0192', 40, '23-OCT-2018', sysdate, '100120', '564654','n');

INSERT INTO Ticket
VALUES
('F1929', 40, '12-OCT-2018', sysdate , '100120', '654652','n');

INSERT INTO Ticket
VALUES
('F3438', 40, '25-OCT-2018', sysdate, '100120', '546432','n');

INSERT INTO Ticket
VALUES
('F9832', 40, '30-OCT-2018', sysdate, '100120', ''785442,'n');

INSERT INTO Ticket
VALUES
('F0001', 30, '20-MAY-2019', sysdate, '100120', '383830', 'n');

INSERT INTO Parking_Meter(meterid)
VALUES
('0001');

INSERT INTO Parking_Meter(meterid)
VALUES
('0002');

INSERT INTO Parking_Meter(meterid)
VALUES
('0003');

INSERT INTO Parking_Meter(meterid)
VALUES
('0004');

INSERT INTO Parking_Meter(meterid)
VALUES
('0005');

INSERT INTO Parking_Meter(meterid)
VALUES
('0006');

INSERT INTO Parking_Meter(meterid)
VALUES
('0007');

INSERT INTO Parking_Meter(meterid)
VALUES
('0008');

INSERT INTO Parking_Meter(meterid)
VALUES
('0009');

INSERT INTO Parking_Meter(meterid)
VALUES
('0010');

INSERT INTO Parking_Meter(meterid)
VALUES
('0011');

INSERT INTO Parking_Meter(meterid)
VALUES
('0012');

INSERT INTO Parking_Meter(meterid)
VALUES
('0013');

INSERT INTO Parking_Meter(meterid)
VALUES
('0014');

INSERT INTO Parking_Meter(meterid)
VALUES
('1001');

INSERT INTO Parking_Meter(meterid)
VALUES
('1002');

INSERT INTO Parking_Meter(meterid)
VALUES
('1003');

INSERT INTO Parking_Meter(meterid)
VALUES
('1004');

INSERT INTO Parking_Meter(meterid)
VALUES
('1005');

INSERT INTO Parking_Meter(meterid)
VALUES
('1006');

INSERT INTO Parking_Meter(meterid)
VALUES
('1007');

INSERT INTO Parking_Meter(meterid)
VALUES
('1008');

INSERT INTO Parking_Meter(meterid)
VALUES
('1009');

INSERT INTO Parking_Meter(meterid)
VALUES
('1010');

INSERT INTO Parking_Meter(meterid)
VALUES
('1011');

INSERT INTO Parking_Meter(meterid)
VALUES
('1012');

INSERT INTO Parking_Meter(meterid)
VALUES
('1013');

INSERT INTO Parking_Meter(meterid)
VALUES
('1014');

INSERT INTO Parking_Meter(meterid)
VALUES
('1015');

INSERT INTO Parking_Meter(meterid)
VALUES
('1016');

INSERT INTO Parking_Meter(meterid)
VALUES
('1017');

INSERT INTO Parking_Meter(meterid)
VALUES
('1018');

INSERT INTO Parking_Meter(meterid)
VALUES
('1019');

INSERT INTO Parking_Meter(meterid)
VALUES
('1020');

INSERT INTO Parking_Meter(meterid)
VALUES
('2001');

INSERT INTO Parking_Meter(meterid)
VALUES
('2002');

INSERT INTO Parking_Meter(meterid)
VALUES
('2003');

INSERT INTO Parking_Meter(meterid)
VALUES
('2004');

INSERT INTO Parking_Meter(meterid)
VALUES
('2005');

INSERT INTO Parking_Meter(meterid)
VALUES
('2006');

INSERT INTO Parking_Meter(meterid)
VALUES
('2007');

INSERT INTO Parking_Meter(meterid)
VALUES
('2008');

INSERT INTO Parking_Meter(meterid)
VALUES
('2009');

INSERT INTO Parking_Meter(meterid)
VALUES
('2010');

INSERT INTO Parking_Meter(meterid)
VALUES
('2011');

INSERT INTO Parking_Meter(meterid)
VALUES
('2012');

INSERT INTO Parking_Meter(meterid)
VALUES
('2013');

INSERT INTO Parking_Meter(meterid)
VALUES
('2014');

INSERT INTO Parking_Meter(meterid)
VALUES
('2015');

INSERT INTO Parking_Meter(meterid)
VALUES
('2016');

INSERT INTO Parking_Meter(meterid)
VALUES
('2017');

INSERT INTO Parking_Meter(meterid)
VALUES
('2018');

INSERT INTO Parking_Meter(meterid)
VALUES
('2019');

INSERT INTO Parking_Meter(meterid)
VALUES
('2020');

INSERT INTO Parking_Meter(meterid)
VALUES
('2021');

INSERT INTO Parking_Meter(meterid)
VALUES
('2022');

INSERT INTO Parking_Meter(meterid)
VALUES
('2023');

INSERT INTO Parking_Meter(meterid)
VALUES
('2024');

INSERT INTO Parking_Meter(meterid)
VALUES
('2025');

INSERT INTO Parking_Meter(meterid)
VALUES
('2026');

INSERT INTO Parking_Meter(meterid)
VALUES
('2027');

INSERT INTO Parking_Meter(meterid)
VALUES
('2028');

INSERT INTO Parking_Meter(meterid)
VALUES
('2029');

INSERT INTO Parking_Meter(meterid)
VALUES
('2030');

INSERT INTO Parking_Meter(meterid)
VALUES
('2031');

INSERT INTO Parking_Meter(meterid)
VALUES
('2032');

INSERT INTO Parking_Meter(meterid)
VALUES
('2033');

INSERT INTO Parking_Meter(meterid)
VALUES
('2034');

INSERT INTO Parking_Meter(meterid)
VALUES
('2035');

INSERT INTO Parking_Meter(meterid)
VALUES
('2036');

INSERT INTO Parking_Meter(meterid)
VALUES
('2037');

INSERT INTO Parking_Meter(meterid)
VALUES
('2038');

INSERT INTO Parking_Meter(meterid)
VALUES
('3001');

INSERT INTO Parking_Meter(meterid)
VALUES
('3002');

INSERT INTO Parking_Meter(meterid)
VALUES
('3003');

INSERT INTO Parking_Meter(meterid)
VALUES
('3004');

INSERT INTO Parking_Meter(meterid)
VALUES
('3005');

INSERT INTO Parking_Meter(meterid)
VALUES
('3006');

INSERT INTO Parking_Meter(meterid)
VALUES
('3007');

INSERT INTO Parking_Meter(meterid)
VALUES
('3008');

INSERT INTO Parking_Meter(meterid)
VALUES
('3009');

INSERT INTO Parking_Meter(meterid)
VALUES
('3010');

INSERT INTO Parking_Meter(meterid)
VALUES
('3011');

INSERT INTO Parking_Meter(meterid)
VALUES
('3012');

INSERT INTO Parking_Meter(meterid)
VALUES
('3013');

INSERT INTO Parking_Meter(meterid)
VALUES
('3014');

INSERT INTO Parking_Meter(meterid)
VALUES
('3015');

INSERT INTO Parking_Meter(meterid)
VALUES
('3016');

INSERT INTO Parking_Meter(meterid)
VALUES
('3017');

INSERT INTO Parking_Meter(meterid)
VALUES
('3018');

INSERT INTO Parking_Meter(meterid)
VALUES
('3019');

INSERT INTO Parking_Meter(meterid)
VALUES
('3020');

INSERT INTO Parking_Meter(meterid)
VALUES
('3021');

INSERT INTO Parking_Meter(meterid)
VALUES
('3022');

INSERT INTO Parking_Meter(meterid)
VALUES
('3023');

INSERT INTO Parking_Meter(meterid)
VALUES
('3024');

INSERT INTO Parking_Meter(meterid)
VALUES
('3025');

INSERT INTO Parking_Meter(meterid)
VALUES
('3026');

INSERT INTO Parking_Meter(meterid)
VALUES
('3027');

INSERT INTO Parking_Meter(meterid)
VALUES
('3028');

INSERT INTO Parking_Meter(meterid)
VALUES
('3029');

INSERT INTO Parking_Meter(meterid)
VALUES
('3030');

INSERT INTO Parking_Meter(meterid)
VALUES
('3031');

INSERT INTO Parking_Meter(meterid)
VALUES
('3032');

INSERT INTO Parking_Meter(meterid)
VALUES
('3033');

INSERT INTO Parking_Meter(meterid)
VALUES
('3034');

INSERT INTO Parking_Meter(meterid)
VALUES
('3035');

INSERT INTO Parking_Meter(meterid)
VALUES
('3036');

INSERT INTO Parking_Meter(meterid)
VALUES
('3037');

INSERT INTO Parking_Meter(meterid)
VALUES
('3038');

INSERT INTO Parking_Meter(meterid)
VALUES
('3039');

INSERT INTO Parking_Meter(meterid)
VALUES
('3040');

INSERT INTO Parking_Meter(meterid)
VALUES
('3041');

INSERT INTO Parking_Meter(meterid)
VALUES
('4001');

INSERT INTO Parking_Meter(meterid)
VALUES
('4002');

INSERT INTO Parking_Meter(meterid)
VALUES
('4003');

INSERT INTO Parking_Meter(meterid)
VALUES
('4004');

INSERT INTO Parking_Meter(meterid)
VALUES
('4005');

INSERT INTO Parking_Meter(meterid)
VALUES
('4006');

INSERT INTO Parking_Meter(meterid)
VALUES
('4007');

INSERT INTO Parking_Meter(meterid)
VALUES
('4008');

INSERT INTO Parking_Meter(meterid)
VALUES
('4009');

INSERT INTO Parking_Meter(meterid)
VALUES
('4010');

INSERT INTO Parking_Meter(meterid)
VALUES
('4011');

INSERT INTO Parking_Meter(meterid)
VALUES
('4012');

INSERT INTO Parking_Meter(meterid)
VALUES
('4013');

INSERT INTO Parking_Meter(meterid)
VALUES
('4014');

INSERT INTO Parking_Meter(meterid)
VALUES
('4015');

INSERT INTO Parking_Meter(meterid)
VALUES
('4016');

INSERT INTO Parking_Meter(meterid)
VALUES
('4017');

INSERT INTO Parking_Meter(meterid)
VALUES
('4018');

INSERT INTO Parking_Meter(meterid)
VALUES
('4019');

INSERT INTO Parking_Meter(meterid)
VALUES
('4020');

INSERT INTO Parking_Meter(meterid)
VALUES
('4021');

INSERT INTO Parking_Meter(meterid)
VALUES
('4022');

INSERT INTO Parking_Meter(meterid)
VALUES
('4023');

INSERT INTO Parking_Meter(meterid)
VALUES
('4024');

INSERT INTO Parking_Meter(meterid)
VALUES
('4025');

INSERT INTO Parking_Meter(meterid)
VALUES
('4026');

INSERT INTO Parking_Meter(meterid)
VALUES
('4027');

INSERT INTO Parking_Meter(meterid)
VALUES
('4028');

INSERT INTO Parking_Meter(meterid)
VALUES
('4029');

INSERT INTO Parking_Meter(meterid)
VALUES
('4030');

INSERT INTO Parking_Meter(meterid)
VALUES
('4031');

INSERT INTO Parking_Meter(meterid)
VALUES
('4032');

INSERT INTO Parking_Meter(meterid)
VALUES
('4033');

INSERT INTO Parking_Meter(meterid)
VALUES
('4034');

INSERT INTO Parking_Meter(meterid)
VALUES
('4035');

INSERT INTO Parking_Meter(meterid)
VALUES
('4036');

INSERT INTO Parking_Meter(meterid)
VALUES
('4037');

INSERT INTO Parking_Meter(meterid)
VALUES
('4038');

INSERT INTO Parking_Meter(meterid)
VALUES
('4039');

INSERT INTO Parking_Meter(meterid)
VALUES
('4040');

INSERT INTO Parking_Meter(meterid)
VALUES
('4041');

INSERT INTO Parking_Meter(meterid)
VALUES
('4042');

INSERT INTO Parking_Meter(meterid)
VALUES
('4043');

INSERT INTO Parking_Meter(meterid)
VALUES
('4044');

INSERT INTO Parking_Meter(meterid)
VALUES
('4045');

INSERT INTO Parking_Meter(meterid)
VALUES
('4046');

INSERT INTO Parking_Meter(meterid)
VALUES
('4047');

INSERT INTO Parking_Meter(meterid)
VALUES
('4048');

INSERT INTO Parking_Meter(meterid)
VALUES
('4049');

INSERT INTO Parking_Meter(meterid)
VALUES
('4050');

INSERT INTO Parking_Meter(meterid)
VALUES
('4051');

INSERT INTO Parking_Meter(meterid)
VALUES
('4052');

INSERT INTO Parking_Meter(meterid)
VALUES
('4053');

INSERT INTO Parking_Meter(meterid)
VALUES
('4054');

INSERT INTO Parking_Meter(meterid)
VALUES
('4055');

INSERT INTO Parking_Meter(meterid)
VALUES
('4056');

INSERT INTO Parking_Meter(meterid)
VALUES
('4057');

INSERT INTO Parking_Meter(meterid)
VALUES
('4058');

INSERT INTO Parking_Meter(meterid)
VALUES
('4059');

INSERT INTO Parking_Meter(meterid)
VALUES
('4060');

INSERT INTO Parking_Meter(meterid)
VALUES
('4061');

INSERT INTO Parking_Meter(meterid)
VALUES
('4062');

INSERT INTO Parking_Meter(meterid)
VALUES
('4063');

INSERT INTO Parking_Meter(meterid)
VALUES
('4064');

INSERT INTO Parking_Meter(meterid)
VALUES
('4065');

INSERT INTO Parking_Meter(meterid)
VALUES
('4066');

INSERT INTO Parking_Meter(meterid)
VALUES
('4067');

INSERT INTO Parking_Meter(meterid)
VALUES
('4068');

INSERT INTO Parking_Meter(meterid)
VALUES
('4069');

INSERT INTO Parking_Meter(meterid)
VALUES
('4070');

INSERT INTO Parking_Meter(meterid)
VALUES
('4071');

INSERT INTO Parking_Meter(meterid)
VALUES
('4072');

INSERT INTO Parking_Meter(meterid)
VALUES
('4073');

INSERT INTO Parking_Meter(meterid)
VALUES
('4074');

INSERT INTO Parking_Meter(meterid)
VALUES
('4075');

INSERT INTO Parking_Meter(meterid)
VALUES
('4076');

INSERT INTO Parking_Meter(meterid)
VALUES
('4077');

INSERT INTO Parking_Meter(meterid)
VALUES
('4078');